[
  {
    "id": "iqoo-12",
    "brand": "iQOO",
    "model": "iQOO 12",
    "year": 2024,
    "cpu": "Snapdragon 8 Gen 2",
    "screen": "6.78\" 144Hz AMOLED",
    "battery": 5000,
    "camera": {
      "main_mp": 50,
      "sensor": "Sony IMX800"
    },
    "vigScore": 88,
    "performanceScore": 92,
    "cameraScore": 86,
    "batteryScore": 89,
    "image": "/images/iqoo12.png",
    "notes": [
      "Flagship",
      "Fast charging 120W"
    ]
  },
  {
    "id": "vivo-x200",
    "brand": "Vivo",
    "model": "Vivo X200",
    "year": 2024,
    "cpu": "Dimensity 9300",
    "screen": "6.78\" 120Hz AMOLED",
    "battery": 4800,
    "camera": {
      "main_mp": 50,
      "sensor": "Sony IMX890"
    },
    "vigScore": 84,
    "performanceScore": 87,
    "cameraScore": 88,
    "batteryScore": 85,
    "image": "/images/vivox200.png",
    "notes": [
      "Great camera",
      "Excellent display"
    ]
  }
]